HOSPITAL_NAME,COPD_COUNT,PCT_OF_COPD_CASES_OVER_BEDS,AVG_SCORE,AVG_SURVIVAL
BJC,184,9.2,4.320652173913044,59.608695652173914
BJC WEST COUNTY,171,17.1,4.076023391812866,61.865497076023395
MISSOURI BAPTIST,161,20.125,4.037267080745342,61.714285714285715
SAINT LOUIS UNIVERSITY,164,16.400000000000002,4.439024390243903,58.573170731707314
ST.MARY'S,156,31.2,4.147435897435898,61.1474358974359
ST.LUKE'S,164,20.5,4.262195121951219,60.426829268292686
